Date,Day,Vehicle Hub,Vehicle No.,ID,Login Time,End time ,Platform,Vehicle Brand,Actual Driver,Driver Status,Vehicle Status,Coverage Type,Net Earning,Cash Collected,Online Payment,Wallet/App,Number of Trips,MG Amount,MG Received?,MG Receivable,Total Earnings,Total Distance ,Challan,Toll,Other Expense,Total Expenses,Top up charge,Remarks
01-Sep-2026,Tuesday,Ghazipur,HR55AU8105,9cec2114-3186-46a4-bdc3-c71ba6d50927,,,Delhivery,Bajaj Maxima C,Anil Kumar,Present,Running,Own Driver,704,,740,,1,1345,No,Awaited,704,,No New Challan,300,,,,"Driver was logged out of the app and it took some time to log in again, resulting in low login hours in the MIS"
01-Sep-2026,Tuesday,Ghazipur,HR55AU5525,af7cf5f6-0a03-4aab-af75-170b1b6a8f2d,,,Delhivery,Bajaj Maxima C,Arjun Singh,Present,Running,Own Driver,1463,307,760,345,3,586,Yes,,2049,,No New Challan,,,,,
01-Sep-2026,Tuesday,Noida 86,DL1LAP0707,0'707 (Anil),,,Porter,Euler HiLoad TR,Harinder,Present,Running,Own Driver,1705,,"1,765",,2,,,,1705,,No New Challan,,,,,
01-Sep-2026,Tuesday,Noida 86,DL51EV7398,7398 (Jitendra),,,Porter ,Euler HiLoad XR,Manish,Present,Running,Own Driver,2061,,,1751,3,,,,2061,,No New Challan,,,,,
02-Sep-2026,Wednesday,Ghazipur,HR55AU8105,9cec2114-3186-46a4-bdc3-c71ba6d50927,,,Delhivery,Bajaj Maxima C,Anil Kumar, Present,Running,Own Driver,1586,,1410,,3,463,Yes,,2049,,No New Challan,,,,,
02-Sep-2026,Wednesday,Ghazipur,HR55AU5525,af7cf5f6-0a03-4aab-af75-170b1b6a8f2d,,,Delhivery,Bajaj Maxima C,Arjun Singh,Present,Running,Own Driver,1781,,1691,,3,268,Yes,,2049,,No New Challan,,,,,
02-Sep-2026,Wednesday,Noida 86,DL1LAP0707,0'707 (Anil),,,Porter,Euler HiLoad TR,Harinder,Present,Running,Own Driver,2455,827,"1,513",,3,,,,2455,,No New Challan,,,,,
02-Sep-2026,Wednesday,Noida 86,DL51EV7398,7398 (Jitendra),,,Porter ,Euler HiLoad XR,Manish,Present,Running,Own Driver,2143,"1,349",,,2,,,,2143,,No New Challan,,,,,
03-Sep-2026,Thursday,Ghazipur,HR55AU8105,9cec2114-3186-46a4-bdc3-c71ba6d50927,,,Delhivery,Bajaj Maxima C,Anil Kumar,Present,Running,Own Driver,1914,100,"1,507",,5,135,Yes,,2049,,No New Challan,300,,300,,
03-Sep-2026,Thursday,Ghazipur,HR55AU5525,af7cf5f6-0a03-4aab-af75-170b1b6a8f2d,,,Delhivery,Bajaj Maxima C,Arjun Singh,Present,Running,Own Driver,1736,607,1061,,3,313,Yes,,2049,,No New Challan,300,,300,,
03-Sep-2026,Thursday,Noida 86,DL1LAP0707,0'707 (Anil),,,Porter,Euler HiLoad TR,Harinder,Present,Running,Own Driver,2077,,1862,,3,,,,2077,,No New Challan,300,,300,,
03-Sep-2026,Thursday,Noida 86,DL51EV7398,7398 (Jitendra),,,Porter ,Euler HiLoad XR,Manish,Present,Running,Own Driver,1557,1344,150,,3,,,,1557,,No New Challan,300,,300,,
04-Sep-2026,Friday,Ghazipur,HR55AU8105,9cec2114-3186-46a4-bdc3-c71ba6d50927,,,Delhivery,Bajaj Maxima C,Anil Kumar,Present,Running,Own Driver,1119,300,730,,3,930,Yes,,2049,,No New Challan,,,,,
04-Sep-2026,Friday,Ghazipur,HR55AU5525,af7cf5f6-0a03-4aab-af75-170b1b6a8f2d,,,Delhivery,Bajaj Maxima C,Arjun Singh,Present,Running,Own Driver,1117,,"1,093",,2,932,Yes,,2049,,No New Challan,,,,,
04-Sep-2026,Friday,Noida 86,DL1LAP0707,0'707 (Anil),,,Porter,Euler HiLoad TR,Harinder,Present,Running,Own Driver,2059,576,"1,484",,3,,,,2059,,No New Challan,,,,,
04-Sep-2026,Friday,Noida 86,DL51EV7398,7398 (Jitendra),,,Porter,Euler HiLoad XR,Karan,Present,Running,Own Driver,967,,907,,1,,,,967,,No New Challan,,,,,
05-Sep-2026,Saturday,Ghazipur,HR55AU8105,9cec2114-3186-46a4-bdc3-c71ba6d50927,,,Delhivery,Bajaj Maxima C,Anil Kumar,Present,Running,Own Driver,2263,670,1633,,3,0,Not Applicable,,2263,,No New Challan,,,,,
05-Sep-2026,Saturday,Ghazipur,HR55AU5525,af7cf5f6-0a03-4aab-af75-170b1b6a8f2d,,,Delhivery,Bajaj Maxima C,Arjun Singh,Present,Running,Own Driver,1565,626,872,,2,484,Yes,,2049,,No New Challan,,,300,,
05-Sep-2026,Saturday,Noida 86,DL1LAP0707,0'707 (Anil),,,Porter,Euler HiLoad TR,Harinder,Present,Running,Own Driver,2530,1021,1510,,2,,,,2530,,No New Challan,,,,,
05-Sep-2026,Saturday,Noida 86,DL51EV7398,7398 (Jitendra),,,Porter,Euler HiLoad XR,Karan,Present,Running,Own Driver,2282,387,850,947,3,,,,2282,,No New Challan,,,,,
06-Sep-2026,Sunday,Ghazipur,HR55AU8105,0'707 (Anil),,,Porter ,Bajaj Maxima C,Anil Kumar,Present,Running,Own Driver,1951,879,"1,074",,3,,,,1951,,No New Challan,,,300,,"06 Sep 2026 | HR55AU8105 | Anil Kumar present, ran his own vehicle. 3 trips"
06-Sep-2026,Sunday,Ghazipur,HR55AU5525,,,,,Bajaj Maxima C,,Weekly Off,Not Operated,Not Covered,,,,,,,,,,,No New Challan,,,,,06 Sep 2026 | HR55AU5525 | WEEKLY OFF. No operations planned for this vehicle.
06-Sep-2026,Sunday,Noida 86,DL1LAP0707,,,,,Euler HiLoad TR,,Weekly Off,Not Operated,Not Covered,,,,,,,,,,,No New Challan,,,,,06 Sep 2026 | DL1LAP0707 | WEEKLY OFF. No operations planned for this vehicle.
06-Sep-2026,Sunday,Noida 86,DL51EV7398,,,,,Euler HiLoad XR,,Weekly Off,Not Operated,Not Covered,,,,,,,,,,,No New Challan,,,,,06 Sep 2026 | DL51EV7398 | WEEKLY OFF. No operations planned for this vehicle.
07-Sep-2026,Monday,Ghazipur,HR55AU8105,9cec2114-3186-46a4-bdc3-c71ba6d50927,,,Delhivery,Bajaj Maxima C,Anil Kumar,Present,Running,Own Driver,1654,557,936,,3,"1,654",Yes,,"3,308",,No New Challan,,,,,
07-Sep-2026,Monday,Ghazipur,HR55AU5525,7398 (Jitendra),,,Porter ,Bajaj Maxima C,Kaushal,Absent,Running,Substitute Driver,2240,566,,1475,2,,,,2240,,No New Challan,,,,,"07 Sep 2026 | HR55AU5525 | Arjun Singh was ABSENT. Substitute driver Kaushal operated the vehicle and it still ran: 2 trips, ₹2,240 earned. Revenue Protected"
07-Sep-2026,Monday,Noida 86,DL1LAP0707,0'707 (Anil),,,Porter ,Euler HiLoad TR,Karan,Present,Running,Own Driver,1156,624,412,,2,,,,1156,,No New Challan,,,,,
07-Sep-2026,Monday,Noida 86,DL51EV7398,44524043-a973-4dab-a685-c54dc6e8cfa4,,,Delhivery,Euler HiLoad XR,Harinder,Present,Running,Own Driver,698,,655,,1,"1,351",Yes,,"2,049",,No New Challan,,,,,
08-Sep-2026,Tuesday,Ghazipur,HR55AU8105,9cec2114-3186-46a4-bdc3-c71ba6d50927,,,Delhivery,Bajaj Maxima C,Anil Kumar,Present,Running,Own Driver,1520,430,957,,3,529,Yes,,2049,,No New Challan,,,,,
08-Sep-2026,Tuesday,Ghazipur,HR55AU5525,af7cf5f6-0a03-4aab-af75-170b1b6a8f2d,,,Delhivery,Bajaj Maxima C,Arjun Singh,Present,Running,Own Driver,1371,174,"1,040",,4,678,Yes,,2049,,No New Challan,,,,,
08-Sep-2026,Tuesday,Noida 86,DL1LAP0707,44524043-a973-4dab-a685-c54dc6e8cfa4,,,Delhivery,Euler HiLoad TR,Santosh,Present,Running,Own Driver,1375,700,575,,2,,No,No,1375,,No New Challan,300,,300,,"Low login due to charging problem , vehicle get brackdown, due to low battery"
08-Sep-2026,Tuesday,Noida 86,DL51EV7398,aa9ef6ab-121f-4193-83ac-086cfa3a04d1,,,Delhivery,Euler HiLoad XR,Harinder,Present,Running,Own Driver,1098,,"1,100",,2,952,Yes,,2050,,No New Challan,300,,,,
09-Sep-2026,Wednesday,Ghazipur,HR55AU8105,9cec2114-3186-46a4-bdc3-c71ba6d50927,,,Delhivery,Bajaj Maxima C,Anil Kumar,Present,Running,Own Driver,2227,,2160,,3,0,Not Applicable,,2227,,No New Challan,,,,,
09-Sep-2026,Wednesday,Ghazipur,HR55AU5525,af7cf5f6-0a03-4aab-af75-170b1b6a8f2d,,,Delhivery,Bajaj Maxima C,Arjun Singh,Present,Running,Own Driver,1518,736,657,,2,531,Yes,,2049,,No New Challan,,,300,,hr38ag1850
09-Sep-2026,Wednesday,Noida 86,DL1LAP0707,0'707(Anil),,,Porter,Euler HiLoad TR,Harinder,Present,Running,Own Driver,1430,613,748,,2,,,,1430,,No New Challan,,,,,
09-Sep-2026,Wednesday,Noida 86,DL51EV7398,,,,,Euler HiLoad XR,,,Off-Road (Breakdown),Not Covered,,,,,,,,,,,No New Challan,,,,,"09 Sep 2026 | DL51EV7398 | Vehicle charging issue occurred because the charging plug socket burned out, which required its replacement. This resulted in insufficient charging for the vehicle to operate"
10-Sep-2026,Thursday,Ghazipur,HR55AU8105,9cec2114-3186-46a4-bdc3-c71ba6d50927,,,Delhivery,Bajaj Maxima C,Anil Kumar,Present,Running,Own Driver,1948,1422,476,,3,101,Yes,,2049,,No New Challan,,,,,
10-Sep-2026,Thursday,Ghazipur,HR55AU5525,af7cf5f6-0a03-4aab-af75-170b1b6a8f2d,,,Delhivery,Bajaj Maxima C,Arjun Singh,Present,Running,Own Driver,1580,,1539,,2,469,Yes,,2049,,No New Challan,,,,,
10-Sep-2026,Thursday,Noida 86,DL1LAP0707,5525 (Jitindra),,,Porter,Euler HiLoad TR,Kaushal,Present,Running,Own Driver,1780,,1720,,2,,,,1780,,No New Challan,,,,,
10-Sep-2026,Thursday,Noida 86,DL51EV7398,aa9ef6ab-121f-4193-83ac-086cfa3a04d1,,,Delhivery,Euler HiLoad XR,Harinder,Present,Running,Own Driver,678,,640,,1,"1,375",Yes,,"2,053",,No New Challan,,,,,
11-Sep-2026,Friday,Ghazipur,HR55AU8105,9cec2114-3186-46a4-bdc3-c71ba6d50927,,,Delhivery,Bajaj Maxima C,Anil Kumar,Present,Running,Own Driver,647,,596,,1,"1,402",Yes,,"2,049",,No New Challan,,,,,
11-Sep-2026,Friday,Ghazipur,HR55AU5525,af7cf5f6-0a03-4aab-af75-170b1b6a8f2d,,,Delhivery,Bajaj Maxima C,Arjun Singh,Present,Running,Own Driver,735,,711,,1,"1,314",Yes,,"2,049",,No New Challan,,,,,
11-Sep-2026,Friday,Ghazipur,DL1LAP0707,44524043-a973-4dab-a685-c54dc6e8cfa4,,,Delhivery,Euler HiLoad TR,Harinder,Present,Running,Own Driver,2083,396,1438,,4,0,Not Applicable,,2083,,No New Challan,300,,300,,
11-Sep-2026,Friday,Noida 86,DL51EV7398,,,,,Euler HiLoad XR,,,Off-Road (Breakdown),Not Covered,,,,,,,,,,,No New Challan,,,,,"11 Sep 2026 | DL51EV7398 | The vehicle’s windshield popped out, causing a malfunction that prevented the vehicle from being driven"
11-Sep-2026,Friday,Noida 86,DL51EV1776,,,,,,,,,,,,,,,,,,,,No New Challan,,,,,Vehicle 1776 reached to noida 86 parking on 11/09/26
12-Sep-2026,Saturday,Ghazipur,HR55AU8105,9cec2114-3186-46a4-bdc3-c71ba6d50927,,,Delhivery,Bajaj Maxima C,Anil Kumar,Present,Running,Own Driver,893,,950,,1,"1,156",Yes,,"2,049",,No New Challan,,,,,
12-Sep-2026,Saturday,Ghazipur,HR55AU5525,af7cf5f6-0a03-4aab-af75-170b1b6a8f2d,,,Delhivery,Bajaj Maxima C,Arjun Singh,Present,Running,Own Driver,2733,,2569,,3,,Yes,,2733,,No New Challan,300,,300,,
12-Sep-2026,Saturday,Ghazipur,DL1LAP0707,,,,,Euler HiLoad TR,,Absent,Off-Road (Breakdown),Not Covered,,,,,,,,,,,No New Challan,,,,,"12 Sep 2026 | DL1LAP0707 | A charging issue occurred with the vehicle at Gazipur, which made it unable to operate immediately. Kaushal fell ill and was unable to operate the Porter."
12-Sep-2026,Saturday,Noida 86,DL51EV1776,44524043-a973-4dab-a685-c54dc6e8cfa4,,,Delhivery,Euler HiLoad XR,Anand,Present,Running,Own Driver,477,,407,,1,"1,572",No,Awaited,477,,No New Challan,,,,,We have raised the issue for MG not received due to no. of trips which was: 1
12-Sep-2026,Saturday,Noida 86,2043,,,,,,,,,,,,,,,,,,,,No New Challan,,,,,Mahindra vehicle 2043 was parked at the Noida parking lot.
12-Sep-2026,Saturday,Noida 86,DL51EV7398,,,,,,,,,,,,,,,,,,,,No New Challan,,,,,
13-Sep-2026,Sunday,Ghazipur,HR55AU8105,0'707(Anil),,,Porter,Bajaj Maxima C,Anil Kumar,Present,Running,Own Driver,2893,1363,1421,,4,,,,2893,,No New Challan,,,,,"13 Sep 2026 | HR55AU8105 | Anil Kumar present, ran his own vehicle. 4 trips, earned ₹2,893, expenses ₹0."
13-Sep-2026,Sunday,Ghazipur,HR55AU5525,,,,,Bajaj Maxima C,,Weekly Off,Not Operated,Not Covered,,,,,,,,,,,No New Challan,,,,,13 Sep 2026 | HR55AU5525 | WEEKLY OFF. No operations planned for this vehicle.
13-Sep-2026,Sunday,Ghazipur,DL1LAP0707,,,,,Euler HiLoad TR,,Weekly Off,Not Operated,Not Covered,,,,,,,,,,,No New Challan,,,,,13 Sep 2026 | DL1LAP0707 | WEEKLY OFF. No operations planned for this vehicle.
13-Sep-2026,Sunday,Noida 86,DL51EV1776,,,,,Euler HiLoad XR,,Weekly Off,Not Operated,Not Covered,,,,,,,,,,,No New Challan,,,,,13 Sep 2026 | DL51EV1776 | WEEKLY OFF. No operations planned for this vehicle.
14-Sep-2026,Monday,Ghazipur,HR55AU8105,9cec2114-3186-46a4-bdc3-c71ba6d50927,,,Delhivery,Bajaj Maxima C,Anil Kumar,Present,Running,Own Driver,1479,607,833,,3,570,Yes,,2049,,No New Challan,,,,,
14-Sep-2026,Monday,Ghazipur,HR55AU5525,af7cf5f6-0a03-4aab-af75-170b1b6a8f2d,,,Delhivery,Bajaj Maxima C,Arjun Singh,Present,Running,Own Driver,1660,,1905,,1,390,No,Awaited,1660,,No New Challan,,,,,We have raised the issue for MG not received due to no. of trips which was: 1
14-Sep-2026,Monday,Ghazipur,DL1LAP0707,aa9ef6ab-121f-4193-83ac-086cfa3a04d1,,,Delhivery,Euler HiLoad TR,Harinder,Present,Running,Own Driver,1783,1400,433,,2,266,Yes,,2049,,No New Challan,,,,,
14-Sep-2026,Monday,Noida 86,DL51EV1776,44524043-a973-4dab-a685-c54dc6e8cfa4,,,Delhivery,Euler HiLoad XR,Anand,Present,Running,Own Driver,1744,682,1041,,2,305,No,Awaited,1744,,No New Challan,300,,,,We have raised the issue for MG not received due to no. of trips which was: 2
15-Sep-2026,Tuesday,Ghazipur,HR55AU8105,9cec2114-3186-46a4-bdc3-c71ba6d50927,,,Delhivery,Bajaj Maxima C,Anil Kumar,Present,Running,Own Driver,1793,,"1,767",,3,256,Yes,,2049,,No New Challan,,,,,
15-Sep-2026,Tuesday,Ghazipur,HR55AU5525,af7cf5f6-0a03-4aab-af75-170b1b6a8f2d,,,Delhivery,Bajaj Maxima C,Arjun Singh,Present,Running,Own Driver,2078,752,"1,262",,3,0,Not Applicable,,2078,,No New Challan,,,,,
15-Sep-2026,Tuesday,Ghazipur,DL1LAP0707,5525(Jitendra),,,Porter,Euler HiLoad TR,Kaushal,Absent,Running,Substitute Driver,983,984,,,2,,,,983,,No New Challan,,,,,"15 Sep 2026 | DL1LAP0707 | Harinder was ABSENT. Substitute driver Kaushal operated the vehicle and it still ran: 2 trips, earned ₹983. Revenue protected."
15-Sep-2026,Tuesday,Noida 86,DL51EV1776,44524043-a973-4dab-a685-c54dc6e8cfa4,,,Delhivery,Euler HiLoad XR,Anand,Present,Running,Own Driver,1353,,837+660,,2,696,No,Awaited,1353,,No New Challan,300,1000,,,"We have raised the issue for MG not received due to no. of trips which was: 2 ,1000 wallat recharge "
16-Sep-2026,Wednesday,Ghazipur,HR55AU8105,9cec2114-3186-46a4-bdc3-c71ba6d50927,,,Delhivery,Bajaj Maxima C,Anil Kumar,Present,Running,Own Driver,2252,855,,1353,3,0,Not Applicable,,2252,,No New Challan,,,,,
16-Sep-2026,Wednesday,Ghazipur,HR55AU5525,af7cf5f6-0a03-4aab-af75-170b1b6a8f2d,,,Delhivery,Bajaj Maxima C,Arjun Singh,Present,Running,Own Driver,1414,,1253,,3,635,No,Awaited,1414,,No New Challan,,,,,"The ID was suspended one day earlier due to low balance, which led to the auto slot being suspended the next day and affected the MG in the MIS"
16-Sep-2026,Wednesday,Ghazipur,DL1LAP0707,aa9ef6ab-121f-4193-83ac-086cfa3a04d1,,,Delhivery,Euler HiLoad TR,Santosh,Present,Running,Own Driver,1534,1458,,,3,515,Yes,,2049,,No New Challan,,,,,
16-Sep-2026,Wednesday,Noida 86,DL51EV1776,44524043-a973-4dab-a685-c54dc6e8cfa4,,,Delhivery,Euler HiLoad XR,Anand,Present,Running,Own Driver,1641,390,1211,,3,408,Yes,,2049,,No New Challan,,,,,
17/09/2026,Thursday,Ghazipur,HR55AU8105,9cec2114-3186-46a4-bdc3-c71ba6d50927,,,Delhivery,Bajaj Maxima C,Anil Kumar,Present,Running,Own Driver,2519,350,2296,,5,0,Not Applicable,,2519,,No New Challan,,,,,
17/09/2026,Thursday,Ghazipur,HR55AU5525,af7cf5f6-0a03-4aab-af75-170b1b6a8f2d,,,Delhivery,Bajaj Maxima C,Arjun Singh,Present,Running,Own Driver,2124,841,1251,,3,0,Not Applicable,,2124,,No New Challan,,,,,
17/09/2026,Thursday,Ghazipur,DL1LAP0707,,,,,Euler HiLoad TR,,Absent,Off-Road (Breakdown),Not Covered,,,,,,,,,,,No New Challan,,,,,18 Sep 2026 | DL1LAP0707| Vehicle didn't operated because there was no driver to operate
17/09/2026,Thursday,Noida 86,DL51EV1776,44524043-a973-4dab-a685-c54dc6e8cfa4,,,Delhivery,Euler HiLoad XR,Anand,Present,Running,Own Driver,1515,463,313,,3,534,Yes,,2049,,No New Challan,,265,,,"Charger is not working so we send the 0707 charger Through Poter, that day the cutomer good are send through poter "
18/09/2026,Friday,Ghazipur,HR55AU8105,9cec2114-3186-46a4-bdc3-c71ba6d50927,,,Delhivery,Bajaj Maxima C,Anil Kumar,Present,Running,Own Driver,1532,,1581,,2,518,Yes,,2050,,No New Challan,,,,,
18/09/2026,Friday,Ghazipur,HR55AU5525,af7cf5f6-0a03-4aab-af75-170b1b6a8f2d,,,Delhivery,Bajaj Maxima C,Arjun Singh,Present,Running,Own Driver,1473,,1422,,2,576,Yes,,2049,,No New Challan,,,,,
18/09/2026,Friday,Ghazipur,DL1LAP0707,5525(Jitendra),,,Porter,Euler HiLoad TR,Kaushal,Present,Running,Own Driver,,1345,,,2,,,,,,No New Challan,,,,,
18/09/2026,Friday,Noida 86,DL51EV1776,44524043-a973-4dab-a685-c54dc6e8cfa4,,,Delhivery,Euler HiLoad XR,Anand,Present,Running,Own Driver,1844,,1674,,3,205,Yes,,2049,,No New Challan,,,,,
19/09/2026,Saturday,Ghazipur,HR55AU8105,9cec2114-3186-46a4-bdc3-c71ba6d50927,,,Delhivery,Bajaj Maxima C,Anil Kumar,Present,Running,Own Driver,2209,1856,378,,3,0,Not applicable,,2209,,No New Challan,,,,,
19/09/2026,Saturday,Ghazipur,HR55AU5525,af7cf5f6-0a03-4aab-af75-170b1b6a8f2d,,,Delhivery,Bajaj Maxima C,Arjun Singh,Present,Running,Own Driver,1950,1352,666,,2,100,Yes,,2050,,No New Challan,,,,,
19/09/2026,Saturday,Ghazipur,DL1LAP0707,8105(Anil),,,Porter,Euler HiLoad TR,Sidhnat,Present,Running,Own Driver,2511,2372,,,3,,,,2511,,No New Challan,300,,,,
19/09/2026,Saturday,Noida 86,DL51EV1776,44524043-a973-4dab-a685-c54dc6e8cfa4,,,Delhivery,Euler HiLoad XR,Anand,Present,Running,Own Driver,2426,376,2037,,4,0,Not applicable,,2426,,No New Challan,,,,,
19/09/2026,Saturday,Noida 86,DL51EV0596,,,,,,,,,,,,,,,,,,,,No New Challan,,,,,"Today we recived new vehicle , 0596"
20/09/2026,Sunday,Ghazipur,HR55AU8105,8105(Anil),,,Porter,Bajaj Maxima C,Anil Kumar,Present,Running,Own Driver,,,,,,,,,,,No New Challan,,,,,
20/09/2026,Sunday,Ghazipur,HR55AU5525,,,,,Bajaj Maxima C,,Weekly Off,Not Operated,Not Covered,,,,,,,,,,,No New Challan,,,,,20 Sep 2026 | WEEKLY OFF. No operations planned for this vehicle.
20/09/2026,Sunday,Ghazipur,DL1LAP0707,0'707,,,Porter,Euler HiLoad TR,Guddu,Present,Running,Own Driver,807,933,,,,,,,807,,No New Challan,,,,,
20/09/2026,Sunday,Noida 86,DL51EV1776,,,,,Euler HiLoad XR,,Weekly Off,Not Operated,Not Covered,,,,,,,,,,,No New Challan,300,,,,20 Sep 2026 | WEEKLY OFF. No operations planned for this vehicle.
20/09/2026,Sunday,Noida 86,DL51EV0596,0'596,,,Porter,Euler HiLoad XR,Anand,Present,Running,Own Driver,1318,1199,,,,,,,1318,,No New Challan,,,,,
21/09/2026,Monday,Ghazipur,HR55AU8105,9cec2114-3186-46a4-bdc3-c71ba6d50927,,,Delhivery,Bajaj Maxima C,Anil Kumar,Present,Running,Own Driver,2392,300,2190,,2,0,Not applicable,,2392,,No New Challan,,,,,
21/09/2026,Monday,Ghazipur,HR55AU5525,af7cf5f6-0a03-4aab-af75-170b1b6a8f2d,,,Delhivery,Bajaj Maxima C,Arjun Singh,Present,Running,Own Driver,1858,695,"1,230",,3,191,Yes,,2049,,No New Challan,,,,,
21/09/2026,Monday,Ghazipur,DL1LAP0707,aa9ef6ab-121f-4193-83ac-086cfa3a04d1,,,Delhivery,Euler HiLoad TR,Sidhnat,Present,Running,Own Driver,957,958,,,1,1092,No,No,957,,No New Challan,,,,,"Driver Sidhant left on the first day of his job after this day of date- 21/09/2026, MG affected due to driver led cancellations by him"
21/09/2026,Monday,Noida 86,DL51EV1776,44524043-a973-4dab-a685-c54dc6e8cfa4,,,Delhivery,Euler HiLoad XR,Anand,Present,Running,Own Driver,2066,626,1262,,3,0,Not applicable,,2066,,No New Challan,300,,,,
21/09/2026,Monday,Noida 86,DL51EV0596,,,,,,,,Not Operated,,,,,,,,,,,,No New Challan,,,,,"The vehicle was not charged. We raised a CRM with Jentari, but the delay resulted in no movement that day and we returned guddu cause that day we didnt had any vehicle for fleet ops."
22/09/2026,Tuesday,Ghazipur,HR55AU8105,9cec2114-3186-46a4-bdc3-c71ba6d50927,,,Delhivery,Bajaj Maxima C,Anil Kumar,Present,Running,Own Driver,2066,322,1720,,3,0,Not applicable,,2066,,No New Challan,,47,,,
22/09/2026,Tuesday,Ghazipur,HR55AU5525,af7cf5f6-0a03-4aab-af75-170b1b6a8f2d,,,Delhivery,Bajaj Maxima C,Arjun Singh,Present,Running,Own Driver,2613,779,1496,,5,0,Not applicable,,2613,,No New Challan,,,,,
22/09/2026,Tuesday,Ghazipur,DL1LAP0707,aa9ef6ab-121f-4193-83ac-086cfa3a04d1,,,Delhivery,Euler HiLoad TR,Guddu,Present,Running,Own Driver,2420,2488,,,3,0,Not applicable,,2420,,No New Challan,,43,,,
22/09/2026,Tuesday,Noida 86,DL51EV1776,44524043-a973-4dab-a685-c54dc6e8cfa4,,,Delhivery,Euler HiLoad XR,Anand,Present,Running,Own Driver,1639,1565,,,3,410,Yes,,2049,,No New Challan,,41,,,
22/09/2026,Tuesday,Noida 86,DL51EV0596,,,,,Euler HiLoad XR,,,Not Operated,,,,,,,,,,,,No New Challan,,,,,Vehicle didn't ran beacuse there was no driver for the vehicle and kaushal was injured.
23/09/2026,Wednesday,Ghazipur,HR55AU8105,9cec2114-3186-46a4-bdc3-c71ba6d50927,,,Delhivery,Bajaj Maxima C,Anil Kumar,Present,Running,Own Driver,2137,,2181,,3,0,Not applicable,,2137,,No New Challan,,,,,
23/09/2026,Wednesday,Ghazipur,HR55AU5525,,,,,Bajaj Maxima C,Arjun Singh,Absent,Not Operated,,,,,,,,,,,,No New Challan,,,,,"Date- 23/09/2026 Arjun Singh was absent today beacuse he fell sick when he came to hub, also he took 1000 Advance for medical"
23/09/2026,Wednesday,Ghazipur,DL1LAP0707,af7cf5f6-0a03-4aab-af75-170b1b6a8f2d,,,Delhivery,Euler HiLoad TR,Guddu,Present,Running,Own Driver,997,,1039,,1,1052,No,Awaited,997,,No New Challan,,,,,"Guddu reached the pickup location, but the order get cancelled, resulting in a driver led cancellation. The issue has been raised through the Google Form."
23/09/2026,Wednesday,Noida 86,DL51EV1776,,,,,Euler HiLoad XR,,,Not Operated,,,,,,,,,,,,No New Challan,,,,,Date- 23/09/2026 Vehicle didn't operated due of shortage of driver 
23/09/2026,Wednesday,Noida 86,DL51EV0596,44524043-a973-4dab-a685-c54dc6e8cfa4,,,Delhivery,Euler HiLoad XR,Anand,Present,Running,Own Driver,1509,,938,,3,540,Yes,,2049,,No New Challan,,,,,"473- Amount customer refused to pay, Delhivery exec has adresses and promised to pay in wallet has to be checked"
24/09/2026,Thursday,Ghazipur,HR55AU8105,9cec2114-3186-46a4-bdc3-c71ba6d50927,,,Delhivery,Bajaj Maxima C,Anil Kumar,Present,Running,Own Driver,1914,233,1773,,2,135,No,Awaited,1914,,No New Challan,,,,,"Driver did not have UPI in his phone to recharge, so we logged in on another phone to complete the recharge. This restricted the driver from logging in again."
24/09/2026,Thursday,Ghazipur,HR55AU5525,af7cf5f6-0a03-4aab-af75-170b1b6a8f2d,,,Delhivery,Bajaj Maxima C,Arjun Singh,Present,Running,Own Driver,908,925,,,1,1141,No,Awaited,908,,No New Challan,,,,,We have raised the issue for MG not received due to no. of trips which was 1
24/09/2026,Thursday,Ghazipur,DL1LAP0707,aa9ef6ab-121f-4193-83ac-086cfa3a04d1,,,Porter,Euler HiLoad TR,Kaushal,Present,Running,Substitute Driver,1415,746,636,,2,,,,1415,,No New Challan,300,,,,
24/09/2026,Thursday,Noida 86,DL51EV1776,44524043-a973-4dab-a685-c54dc6e8cfa4,,,Delhivery,Euler HiLoad XR,Anand,Present,Running,Own Driver,1434,362,974,,3,615,Yes,,2049,,No New Challan,300,48,,,
24/09/2026,Thursday,Noida 86,DL51EV0596,,,,,Euler HiLoad XR,,,Not Operated,,,,,,,,,,,,No New Challan,,,,,Date- 24/09/2026 Vehicle didn't operated due to shortage of driver 
25/09/2026,Friday,Ghazipur,HR55AU8105,9cec2114-3186-46a4-bdc3-c71ba6d50927,,,Delhivery,Bajaj Maxima C,Anil Kumar,Present,Running,Own Driver,1605,,1680,,1,444,No,Awaited,1605,,No New Challan,,,,,We have raised the issue for MG not received due to no. of trips which was 1
25/09/2026,Friday,Ghazipur,HR55AU5525,af7cf5f6-0a03-4aab-af75-170b1b6a8f2d,,,Delhivery,Bajaj Maxima C,Arjun Singh,Present,Running,Own Driver,1691,1402,268,,3,359,No,Awaited,1691,,No New Challan,,,,,"We have raised the issue for MG not received due to order cancellation, which was done because customer was asking for original Doc of vehicle"
25/09/2026,Friday,Ghazipur,DL1LAP0707,aa9ef6ab-121f-4193-83ac-086cfa3a04d1,,,Delhivery,Euler HiLoad TR,Arjun,Present,Running,Own Driver,2298,"2,178",,,4,0,Not Applicable,,2298,,No New Challan,,,,,
25/09/2026,Friday,Noida 86,DL51EV1776,04d3f317-6c2b-4e5a-a158-c6f945f0a9c7,,,Delhivery,Euler HiLoad XR,Anand,Present,Running,Own Driver,1678,,1584,,4,371,No,Awaited,1678,,No New Challan,,,,,"We have raised the issue for MG not received due to order cancellation, which was done by delivery executive because drop location was in gurgaon and it was 7 PM"
25/09/2026,Friday,Noida 86,DL51EV0596,44524043-a973-4dab-a685-c54dc6e8cfa4,,,Delhivery,Euler HiLoad XR,Guddu,Present,Running,Own Driver,1387,934,456,,2,662,No,Awaited,1387,,No New Challan,,,,,We have raised the issue for MG not received due to no. of trips which was 2
26/09/2026,Saturday,Ghazipur,HR55AU8105,9cec2114-3186-46a4-bdc3-c71ba6d50927,,,Delhivery,Bajaj Maxima C,Anil Kumar,Present,Running,Own Driver,1812,828,875,,4,237,Yes,,2049,,No New Challan,,,,,
26/09/2026,Saturday,Ghazipur,HR55AU5525,af7cf5f6-0a03-4aab-af75-170b1b6a8f2d,,,Delhivery,Bajaj Maxima C,Arjun Singh,Present,Running,Own Driver,2277,398,1911,,4,0,Not Applicable,,2277,,No New Challan,,,,,
26/09/2026,Saturday,Ghazipur,DL1LAP0707,aa9ef6ab-121f-4193-83ac-086cfa3a04d1,,,Delhivery,Euler HiLoad TR,Arjun,Present,Running,Own Driver,2001,1507,543,,3,0,Not Applicable,,2001,,No New Challan,,,,,
26/09/2026,Saturday,Noida 86,DL51EV1776,04d3f317-6c2b-4e5a-a158-c6f945f0a9c7,,,Delhivery,Euler HiLoad XR,Anand,Present,Running,Own Driver,823,,323,450.5,2,1226.3,No,Awaited,823,,No New Challan,,,,,We have raised the issue for MG not received due to no. of trips which was 2
26/09/2026,Saturday,Noida 86,DL51EV0596,44524043-a973-4dab-a685-c54dc6e8cfa4,,,Delhivery,Euler HiLoad XR,Guddu,Present,Running,Own Driver,2188,904,,,2,0,Not Applicable,,2188,,No New Challan,,,,,Rest of the payment from net is of the order which is pending and will be added once delivered because vehicle broke down mid delivery
27/09/2026,Sunday,Ghazipur,HR55AU8105,ID:8105,,,Porter,Bajaj Maxima C,Anil Kumar,Present,Running,Own Driver,2774,,,,,,,,,,No New Challan,,,,,
27/09/2026,Sunday,Ghazipur,HR55AU5525,ID:5525,,,Porter,Bajaj Maxima C,Guddu,Present,Running,Own Driver,467,457,,,,,,,,,No New Challan,,,,,
27/09/2026,Sunday,Ghazipur,DL1LAP0707,,,,,Euler HiLoad TR,,Weekly Off,Not Operated,,,,,,,,,,,,No New Challan,,,,,27 Sep 2026 | WEEKLY OFF. No operations planned for this vehicle.
27/09/2026,Sunday,Noida 86,DL51EV1776,ID:0707,,,Porter,Euler HiLoad XR,Anand,Present,Running,Own Driver,,1224,,,,,,,,,No New Challan,,,,,
27/09/2026,Sunday,Noida 86,DL51EV0596,,,,,Euler HiLoad XR,,Weekly Off,Not Operated,,,,,,,,,,,,No New Challan,,,,,27 Sep 2026 | WEEKLY OFF. No operations planned for this vehicle.